{
  "project_info": {
    "project_number": "36160290246",
    "firebase_url": "https://authentication-d737a.firebaseio.com",
    "project_id": "authentication-d737a",
    "storage_bucket": "authentication-d737a.appspot.com"
  },
  "client": [
    {
      "client_info": {
        "mobilesdk_app_id": "1:36160290246:android:597a55e84b48058ac406c7",
        "android_client_info": {
          "package_name": "com.example.authentication"
        }
      },
      "oauth_client": [
        {
          "client_id": "36160290246-tsvatd2fjeeln250u6ae2qtrgl4ngfvi.apps.googleusercontent.com",
          "client_type": 1,
          "android_info": {
            "package_name": "com.example.authentication",
            "certificate_hash": "2e255be2bdf96f75e24ffa6731343bbe57e09018"
          }
        },
        {
          "client_id": "36160290246-ip5qml4303k4ctg9f19akvg3qdhuls1m.apps.googleusercontent.com",
          "client_type": 3
        }
      ],
      "api_key": [
        {
          "current_key": "AIzaSyDldeLUNh-CKpEB9Q6ddVGYhaa-CdM5ytI"
        }
      ],
      "services": {
        "appinvite_service": {
          "other_platform_oauth_client": [
            {
              "client_id": "36160290246-ip5qml4303k4ctg9f19akvg3qdhuls1m.apps.googleusercontent.com",
              "client_type": 3
            }
          ]
        }
      }
    }
  ],
  "configuration_version": "1"
}